insert into public.category (id, category_id, category_description, product_line)
values  (1, 100, 'محركات', 'المستودع الشمالي'),
        (2, 1001, 'ناقل حركة', 'المستودع الشمالي'),
        (3, 1003, 'مولدات', 'مستودع أ'),
        (4, 1004, 'اطارات', 'المستودع الجنوبي'),
        (5, 41287, 'باب', 'مستودع الهيكل'),
        (6, 1005, 'طوارف محرك', 'مستودع قطع الغيار'),
        (7, 92416, 'طوارف ناقل الحركة', 'مستودع قطع الغيار'),
        (8, 3006, 'كماليات الصالون', 'مستودع الصالون'),
        (9, 3007, 'نوافذ', 'مستودع الصالون'),
        (10, 36302, 'تكييف وتبريد', 'مستودع قطع الغيار');

insert into public.product (id, sku, product_name, product_size, price, category_id)
values  (2, 'ENHL27', 'محرك هيلكس 27', 27, 46955.00, 1),
        (1, 'ENG24', 'محرك هيلكس 24', 24, 25600.00, 1),
        (3, 'TRHL20', 'اطار هيلكس 20', 16, 1250.00, 4),
        (4, 'ENLC40', 'محرك لاندكروزر 40', 40, 54278.00, 1),
        (5, 'ENLC50', 'محرك لاند كروزر 50', 50, 100000.00, 1),
        (6, 'ENLC36', 'محرك لاند كروزر 36', 36, 27331.00, 1),
        (9, 'FRCM17', 'زجاج امامي كامري 2017', 20, 2050.00, 9),
        (10, 'EAHI27', 'مولد كهرباء هيلكس 27', 27, 1526.00, 3),
        (7, 'TRAC23', 'ناقل حركة اوتوماتيك  كامري 2023', 20, 26845.00, 2),
        (8, 'ECLC06', 'غطاؤ محرك لاند كروزر 2006', 36, 600.00, 5);

insert into public.customer (id, customer_id, company, address, city, state)
values  (3, 'المحمودي', 'غومة المحمودي', 'ام الارانب', 'الكفرة', 'الجنوب الشرقي'),
        (4, 'بومطاري', 'يوسف بومطاري', 'الجوف', 'الكفرة', 'الجنوب الشرقي'),
        (5, 'المختار', 'عمر بريناد المختار', 'الجغبوب المركز', 'الجغبوب', 'الشرقي'),
        (7, 'قجة', 'قجة العبد', 'اجدابيا', 'اجدابيا', 'الشرقي'),
        (8, 'بالخير', 'عبدالنبي بالخير', 'وادي الوليد', 'بني وليد', 'الغربية'),
        (1, 'ابن نصير', 'موسى ابن النصيري', 'اوباري المركز', 'اوباري', 'الجنوب'),
        (9, 'الفاخري', 'موسى بوغريبيل', 'انتلات', 'اجدابيا', 'الشرقي'),
        (10, 'لطيوش', 'صالح لطيوش', 'البريقة', 'اجدابيا', 'الشرقية'),
        (6, 'بورحيل', 'يوسف بورحيل المسماري', 'بنغازي', 'بنغازي', 'الشرقي'),
        (2, 'الانصاري', 'اسامة ابن زيد', 'سواوة', 'سرت', 'الوسطى');

insert into public.jhi_order (id, order_date, customer_id)
values  (3, '2023-06-20 12:15:00.000000', 2),
        (4, '2023-06-12 12:14:00.000000', 3),
        (5, '2023-06-04 12:11:00.000000', 4),
        (6, '2023-02-06 08:17:00.000000', 5),
        (7, '2023-04-20 11:35:00.000000', 6),
        (9, '2015-05-22 21:40:00.000000', 7),
        (10, '2020-05-12 06:45:00.000000', 8),
        (8, '2013-07-23 13:58:00.000000', 9);

insert into public.order_line (id, quantity, price, order_id, product_id)
values  (1254, 1, 46955.00, 3, 2),
        (1255, 4, 5000.00, 4, 3),
        (1256, 1, 2050.00, 5, 9),
        (1257, 1, 600.00, 3, 8),
        (1258, 1, 1526.00, 7, 10),
        (1259, 1, 46955.00, 7, 2),
        (1260, 1, 100000.00, 10, 5),
        (1261, 1, 26845.00, 5, 7);

insert into public.supplier (id, supplier_name, address, city, contact_email, contact_phone)
values  (1, 'تويوتا الشرق الاوسط', 'شارع دبي', 'الشارقة', 'med@toyota.com', '00216975206920'),
        (2, 'تويوتا ليبيا', 'طرابلس', 'الظهرة', 'libyadistripution@toyota.com', '002189212125930');

insert into public.purchase_order (id, order_date, supplier_id)
values  (1, '2023-02-27 01:10:00.000000', 1),
        (2, '2023-04-17 14:06:00.000000', 1),
        (3, '2021-06-21 08:21:00.000000', 1),
        (4, '2021-02-09 17:40:00.000000', 1),
        (5, '2022-01-25 07:44:00.000000', 1),
        (6, '2021-06-12 14:43:00.000000', 2),
        (7, '2023-06-12 11:50:00.000000', 1),
        (8, '2023-06-12 07:28:00.000000', 2),
        (9, '2023-06-13 02:06:00.000000', 1),
        (10, '2023-06-13 02:51:00.000000', 2);

insert into public.purchase_order_line (id, quantity, price, purchase_order_id, product_id)
values  (1302, 50, 2347750.00, 1, 2),
        (1303, 25, 640000.00, 1, 1),
        (1304, 100, 125000.00, 2, 3),
        (1305, 10, 542780.00, 3, 4),
        (1306, 5, 500000.00, 4, 5),
        (1307, 10, 273310.00, 4, 6),
        (1308, 12, 24600.00, 5, 9),
        (1309, 16, 24416.00, 6, 10),
        (1310, 7, 187915.00, 5, 7),
        (1311, 30, 18000.00, 4, 8),
        (1312, 5, 234775.00, 1, 2);

-- insert into public.jhi_user (id, login, password_hash, first_name, last_name, email, image_url, activated, lang_key, activation_key, reset_key, created_by, created_date, reset_date, last_modified_by, last_modified_date)
-- values  (1, 'admin', '$2a$10$gSAhZrxMllrbgj/kkK9UceBPpChGWJA7SYIb1Mqo.n5aNLq1/oRrC', 'Administrator', 'Administrator', 'admin@localhost', '', true, 'en', null, null, 'system', null, null, 'system', null),
--         (2, 'user', '$2a$10$VEjxo0jq2YG9Rbk2HmX9S.k1uZBGYUHdUcid3g/vfiEl7lwWgOH/K', 'User', 'User', 'user@localhost', '', true, 'en', null, null, 'system', null, null, 'system', null);
--
-- insert into public.jhi_authority (name)
-- values  ('ROLE_ADMIN'),
--         ('ROLE_USER');
--
-- insert into public.jhi_user_authority (user_id, authority_name)
-- values  (1, 'ROLE_ADMIN'),
--         (1, 'ROLE_USER'),
--         (2, 'ROLE_USER');
-- insert into public.category (id, category_id, category_description, product_line)
-- values  (1, 100, 'شاشة', 'المستودع الشمالي'),
--         (2, 1001, 'مكيف', 'المستودع الشمالي'),
--         (3, 1003, 'فريزر', 'مستودع أ'),
--         (4, 1004, 'ثلاجة', 'المستودع الجنوبي'),
--         (5, 41287, 'غسالة صحون', 'مستودع ب'),
--         (6, 1005, 'مجفف', 'مستودع قطع الغيار'),
--         (7, 92416, 'غسالة ملابس', 'مستودع قطع الغيار'),
--         (8, 3006, 'ميكروويف', 'مستودع المنزلية'),
--         (9, 3007, 'منزلية', 'مستودع المنزلية'),
--         (10, 36302, 'فرن', 'مستودع المنزلية');
